date,source,metric,value,currency,source_version,source_url,source_tab,source_row
2026-08-03,tuition-system,collected_revenue,21000,USD,revenue-2026-08-03-v1,https://docs.google.com/spreadsheets/d/1DToTpZtuwtVIdCPethZRe4T-y6mxGpWuivWSmR2XZt4,Revenue snapshot,2
2026-08-03,tuition-system,enrolled_students,80,,revenue-2026-08-03-v1,https://docs.google.com/spreadsheets/d/1DToTpZtuwtVIdCPethZRe4T-y6mxGpWuivWSmR2XZt4,Revenue snapshot,4
2026-08-03,tuition-system,outstanding_balance,6000,USD,revenue-2026-08-03-v1,https://docs.google.com/spreadsheets/d/1DToTpZtuwtVIdCPethZRe4T-y6mxGpWuivWSmR2XZt4,Revenue snapshot,3
2026-08-03,tuition-system,past_due_accounts,11,,revenue-2026-08-03-v1,https://docs.google.com/spreadsheets/d/1DToTpZtuwtVIdCPethZRe4T-y6mxGpWuivWSmR2XZt4,Revenue snapshot,5
2026-08-03,tuition-system,payment_plan_balance,2600,USD,revenue-2026-08-03-v1,https://docs.google.com/spreadsheets/d/1DToTpZtuwtVIdCPethZRe4T-y6mxGpWuivWSmR2XZt4,Revenue snapshot,6
2026-08-05,tuition-system,collected_revenue,22000,USD,revenue-2026-08-05-v1,https://docs.google.com/spreadsheets/d/1DToTpZtuwtVIdCPethZRe4T-y6mxGpWuivWSmR2XZt4,Revenue snapshot,7
2026-08-05,tuition-system,enrolled_students,81,,revenue-2026-08-05-v1,https://docs.google.com/spreadsheets/d/1DToTpZtuwtVIdCPethZRe4T-y6mxGpWuivWSmR2XZt4,Revenue snapshot,9
2026-08-05,tuition-system,outstanding_balance,5650,USD,revenue-2026-08-05-v1,https://docs.google.com/spreadsheets/d/1DToTpZtuwtVIdCPethZRe4T-y6mxGpWuivWSmR2XZt4,Revenue snapshot,8
2026-08-05,tuition-system,past_due_accounts,10,,revenue-2026-08-05-v1,https://docs.google.com/spreadsheets/d/1DToTpZtuwtVIdCPethZRe4T-y6mxGpWuivWSmR2XZt4,Revenue snapshot,10
2026-08-05,tuition-system,payment_plan_balance,2450,USD,revenue-2026-08-05-v1,https://docs.google.com/spreadsheets/d/1DToTpZtuwtVIdCPethZRe4T-y6mxGpWuivWSmR2XZt4,Revenue snapshot,11
2026-08-07,tuition-system,collected_revenue,23100,USD,revenue-2026-08-07-v1,https://docs.google.com/spreadsheets/d/1DToTpZtuwtVIdCPethZRe4T-y6mxGpWuivWSmR2XZt4,Revenue snapshot,12
2026-08-07,tuition-system,enrolled_students,82,,revenue-2026-08-07-v1,https://docs.google.com/spreadsheets/d/1DToTpZtuwtVIdCPethZRe4T-y6mxGpWuivWSmR2XZt4,Revenue snapshot,14
2026-08-07,tuition-system,outstanding_balance,5200,USD,revenue-2026-08-07-v1,https://docs.google.com/spreadsheets/d/1DToTpZtuwtVIdCPethZRe4T-y6mxGpWuivWSmR2XZt4,Revenue snapshot,13
2026-08-07,tuition-system,past_due_accounts,9,,revenue-2026-08-07-v1,https://docs.google.com/spreadsheets/d/1DToTpZtuwtVIdCPethZRe4T-y6mxGpWuivWSmR2XZt4,Revenue snapshot,15
2026-08-07,tuition-system,payment_plan_balance,2300,USD,revenue-2026-08-07-v1,https://docs.google.com/spreadsheets/d/1DToTpZtuwtVIdCPethZRe4T-y6mxGpWuivWSmR2XZt4,Revenue snapshot,16
2026-08-10,tuition-system,collected_revenue,24600,USD,revenue-2026-08-10-v1,https://docs.google.com/spreadsheets/d/1DToTpZtuwtVIdCPethZRe4T-y6mxGpWuivWSmR2XZt4,Revenue snapshot,17
2026-08-10,tuition-system,enrolled_students,83,,revenue-2026-08-10-v1,https://docs.google.com/spreadsheets/d/1DToTpZtuwtVIdCPethZRe4T-y6mxGpWuivWSmR2XZt4,Revenue snapshot,19
2026-08-10,tuition-system,outstanding_balance,4700,USD,revenue-2026-08-10-v1,https://docs.google.com/spreadsheets/d/1DToTpZtuwtVIdCPethZRe4T-y6mxGpWuivWSmR2XZt4,Revenue snapshot,18
2026-08-10,tuition-system,past_due_accounts,8,,revenue-2026-08-10-v1,https://docs.google.com/spreadsheets/d/1DToTpZtuwtVIdCPethZRe4T-y6mxGpWuivWSmR2XZt4,Revenue snapshot,20
2026-08-10,tuition-system,payment_plan_balance,2100,USD,revenue-2026-08-10-v1,https://docs.google.com/spreadsheets/d/1DToTpZtuwtVIdCPethZRe4T-y6mxGpWuivWSmR2XZt4,Revenue snapshot,21
2026-08-11,tuition-system,collected_revenue,25100,USD,revenue-2026-08-11-v2,https://docs.google.com/spreadsheets/d/1DToTpZtuwtVIdCPethZRe4T-y6mxGpWuivWSmR2XZt4,Revenue snapshot,22
2026-08-11,tuition-system,enrolled_students,84,,revenue-2026-08-11-v2,https://docs.google.com/spreadsheets/d/1DToTpZtuwtVIdCPethZRe4T-y6mxGpWuivWSmR2XZt4,Revenue snapshot,24
2026-08-11,tuition-system,outstanding_balance,4300,USD,revenue-2026-08-11-v2,https://docs.google.com/spreadsheets/d/1DToTpZtuwtVIdCPethZRe4T-y6mxGpWuivWSmR2XZt4,Revenue snapshot,23
2026-08-11,tuition-system,past_due_accounts,7,,revenue-2026-08-11-v2,https://docs.google.com/spreadsheets/d/1DToTpZtuwtVIdCPethZRe4T-y6mxGpWuivWSmR2XZt4,Revenue snapshot,25
2026-08-11,tuition-system,payment_plan_balance,1950,USD,revenue-2026-08-11-v2,https://docs.google.com/spreadsheets/d/1DToTpZtuwtVIdCPethZRe4T-y6mxGpWuivWSmR2XZt4,Revenue snapshot,26
